"id","user.id","created_at","text","hashtags","user_mentions"
809808840724201500,22286451,"Fri Dec 16 17:14:07 +0000 2016","#womensrights #WomensMarch ‚ö°Ô∏è ‚Äú16 Days of Activism: #orangetheworld‚Äù by @UN_Women\n\nhttps://t.co/411S7SSi9E #endrapeculture #EqualPay","womensrights, WomensMarch, orangetheworld, endrapeculture, EqualPay","UN_Women"
809802676804325400,721992744210550800,"Fri Dec 16 16:49:38 +0000 2016","#Tunisia wants to stop #rapists marrying underage victims #endrapeculture https://t.co/0n7DGwPOA4","Tunisia, rapists, endrapeculture",""
809782142850826200,86190997,"Fri Dec 16 15:28:02 +0000 2016","üôÑüôÑüôÑ #endrapeculture &amp; #blacklivesmatter !!! #fbf https://t.co/hj5mEiwoJL","endrapeculture, blacklivesmatter, fbf",""
809619886536327200,242560760,"Fri Dec 16 04:43:17 +0000 2016","@SBJLizMullen @StarTribune would like be to know more but at this point hoping we value safety over football #endrapeculture","endrapeculture","SBJLizMullen, StarTribune"
809605367508439000,1099917589,"Fri Dec 16 03:45:36 +0000 2016","@GopherFootball withdraw from the #HollidayBowl. Rape apologists need to go #EndRapeCulture","HollidayBowl, EndRapeCulture","GopherFootball"
809602451531628500,1863267187,"Fri Dec 16 03:34:00 +0000 2016","""...how to make our program great again."" Now where have I heard that before üòë #EndRapeCulture https://t.co/efE6d3WFff","EndRapeCulture",""
809600124527657000,3261789056,"Fri Dec 16 03:24:45 +0000 2016","RT @GlenfordCanning: A woman loses an email, ""Lock her up! "" A man rapes a woman, ""Due process! Due process!"" #endrapeculture #VAW #cdnpoli","endrapeculture, VAW, cdnpoli","GlenfordCanning"
809598735529324500,3261789056,"Fri Dec 16 03:19:14 +0000 2016","RT @4n0nc47: BBC News - #LadyGaga says she has #PTSD after being #raped at 19 #EndRapeCulture #SexualAssault https://t.co/ymOWlW5qB1 ‚Ä¶","LadyGaga, PTSD, raped, EndRapeCulture, SexualAssault","4n0nc47"
809591676347957200,3245787319,"Fri Dec 16 02:51:11 +0000 2016","As a woman who has been raped, I tell you there is no such thing as rape culture. Ppl rape. It's a problem, not a culture. #EndRapeCulture","EndRapeCulture",""
809591434298949600,2533060235,"Fri Dec 16 02:50:14 +0000 2016","RT @moneymenmeals: #EndRapeCulture https://t.co/uigcMtkNQp","EndRapeCulture","moneymenmeals"
809590645123731500,721992744210550800,"Fri Dec 16 02:47:05 +0000 2016","#JustSaySorry is an amazing initiative for an AMAZING CAUSE! #EndRapeCulture #EndSexualAssault #SexualAssault https://t.co/ntLM8cGifN","JustSaySorry, EndRapeCulture, EndSexualAssault, SexualAssault",""
809590377061584900,721992744210550800,"Fri Dec 16 02:46:02 +0000 2016","RT @GlenfordCanning: A woman loses an email, ""Lock her up! "" A man rapes a woman, ""Due process! Due process!"" #endrapeculture #VAW #cdnpoli","endrapeculture, VAW, cdnpoli","GlenfordCanning"
809590297231405000,721992744210550800,"Fri Dec 16 02:45:42 +0000 2016","RT @GlenfordCanning: 2nd time around after the 1st judge  relied on ‚Äúdiscredited myths and stereotypes.‚Äù  #endrapeculture #cdnpoli https://‚Ä¶","endrapeculture, cdnpoli","GlenfordCanning"
809590265832837100,721992744210550800,"Fri Dec 16 02:45:35 +0000 2016","RT @4n0nc47: BBC News - #LadyGaga says she has #PTSD after being #raped at 19 #EndRapeCulture #SexualAssault https://t.co/ymOWlW5qB1 ‚Ä¶","LadyGaga, PTSD, raped, EndRapeCulture, SexualAssault","4n0nc47"
809590044642066400,721992744210550800,"Fri Dec 16 02:44:42 +0000 2016","BBC News - #LadyGaga says she has #PTSD after being #raped at 19 #EndRapeCulture #SexualAssault https://t.co/ymOWlW5qB1 ‚Ä¶","LadyGaga, PTSD, raped, EndRapeCulture, SexualAssault",""
809570397448454100,4862707660,"Fri Dec 16 01:26:38 +0000 2016","RT @moneymenmeals: #EndRapeCulture https://t.co/uigcMtkNQp","EndRapeCulture","moneymenmeals"
809570252895977500,323337127,"Fri Dec 16 01:26:04 +0000 2016","RT @moneymenmeals: #EndRapeCulture https://t.co/uigcMtkNQp","EndRapeCulture","moneymenmeals"
809569323283058700,1074588380,"Fri Dec 16 01:22:22 +0000 2016","RT @moneymenmeals: #EndRapeCulture https://t.co/uigcMtkNQp","EndRapeCulture","moneymenmeals"
809514836652494800,227037618,"Thu Dec 15 21:45:51 +0000 2016","Great interview @DateSafeProject! I can't wait to read your book and share it with my clients, family &amp; friends!‚Ä¶ https://t.co/nLNLe0dtSB","","DateSafeProject"
809410149018468400,2334852392,"Thu Dec 15 14:49:52 +0000 2016","RT @DelphiHurley: The URGENCY of #RegenerativeLivelihoods and how they can help #ENDRAPECULTURE is a reoccurring theme in all @DanceTReks F‚Ä¶","RegenerativeLivelihoods, ENDRAPECULTURE","DelphiHurley, DanceTreks"
809389979155726300,17706784,"Thu Dec 15 13:29:43 +0000 2016","2nd time around after the 1st judge  relied on ‚Äúdiscredited myths and stereotypes.‚Äù  #endrapeculture #cdnpoli https://t.co/P0LAfsyOOq","endrapeculture, cdnpoli",""
809388394665177100,18434717,"Thu Dec 15 13:23:25 +0000 2016","RT @DelphiHurley: The URGENCY of #RegenerativeLivelihoods and how they can help #ENDRAPECULTURE is a reoccurring theme in all @DanceTReks F‚Ä¶","RegenerativeLivelihoods, ENDRAPECULTURE","DelphiHurley, DanceTreks"
809387887372406800,800673423198257200,"Thu Dec 15 13:21:24 +0000 2016","RT @DelphiHurley: The URGENCY of #RegenerativeLivelihoods and how they can help #ENDRAPECULTURE is a reoccurring theme in all @DanceTReks F‚Ä¶","RegenerativeLivelihoods, ENDRAPECULTURE","DelphiHurley, DanceTreks"
809387783026577400,18434717,"Thu Dec 15 13:20:59 +0000 2016","The URGENCY of #RegenerativeLivelihoods and how they can help #ENDRAPECULTURE is a reoccurring theme in all‚Ä¶ https://t.co/Uh1izophk4","RegenerativeLivelihoods, ENDRAPECULTURE",""
809326226896629800,73087673,"Thu Dec 15 09:16:23 +0000 2016","@enochmailangi I got banned from queer cus I spoke against my rapist. UTS GR defends them still! #Shame #EndRapeCulture #nusnatcon","Shame, EndRapeCulture, nusnatcon","enochmailangi"
809181035376296000,3272382895,"Wed Dec 14 23:39:27 +0000 2016","PTSD is a bitch. #endthestigma #endrapeculture #LetsTalk","endthestigma, endrapeculture, LetsTalk",""
809105628631355400,3190085504,"Wed Dec 14 18:39:48 +0000 2016","Glad a #PUA subhuman finally got sentenced 4 their shit. Light sentence and victim had to do cops' job but it's something. #endrapeculture","PUA, endrapeculture",""
809103700404928500,713140275,"Wed Dec 14 18:32:09 +0000 2016","#repost #endrapeculture #consent #stoprapeculture #nomeansno https://t.co/bL6rNoN2Ln","repost, endrapeculture, consent, stoprapeculture, nomeansno",""
809057144439980000,169688416,"Wed Dec 14 15:27:09 +0000 2016","Men who wanted to be free to sexually assault decided that coercion wasn't enough and let so many rapists run free‚Ä¶ https://t.co/yCAJCZLFEF","",""
809056618793095200,169688416,"Wed Dec 14 15:25:04 +0000 2016","#EndRapeCulture You normalized sexual assault when you let the first rapist run free. https://t.co/YMYCuUKHbC","EndRapeCulture",""
809055614991269900,169688416,"Wed Dec 14 15:21:04 +0000 2016","""Masturbating just isn't the same"" isn't a valid excuse for coercing people into sex with you. #EndRapeCulture https://t.co/7Jyx1wDy2S","EndRapeCulture",""
809054937141362700,169688416,"Wed Dec 14 15:18:23 +0000 2016","A lack of self control isn't what makes men men, it's what makes them animals. #EndRapeCulture https://t.co/RK8P1zWLeY","EndRapeCulture",""
809009166882897900,9585492,"Wed Dec 14 12:16:30 +0000 2016","Training soon to be a Sexual Assault Nurse Examiner(SANE). Please watch on Netflix #audrieanddaisy\n #endrapeculture #itsnotokay #sanenurse","audrieanddaisy, endrapeculture, itsnotokay, sanenurse",""
808940422286471200,2605528509,"Wed Dec 14 07:43:20 +0000 2016","If a dog can tell the difference between 'yes' and 'no' so can you. \n#EndRapeCulture #Rights #Feminism","EndRapeCulture, Rights, Feminism",""
808821852009328600,3298917183,"Tue Dec 13 23:52:11 +0000 2016","RT @121dealbreakers: #endrapeculture #VAW #DV #abuse #relationshipabuse #dating #NOMORE #trauma #rape #warmwishes #endVAW #maybehedoesnthit‚Ä¶","endrapeculture, VAW, DV, abuse, relationshipabuse, dating, NOMORE, trauma, rape, warmwishes, endVAW","121dealbreakers"
808819296600064000,18434717,"Tue Dec 13 23:42:02 +0000 2016","#TAKINGITTOTHESTRUTS #UNLOCKCASH #ENDRAPECULTURE #DanceTReks 10 EST #UNTILFURTHER #NOTEICE‚Ä¶ https://t.co/bATRNhqAKd","TAKINGITTOTHESTRUTS, UNLOCKCASH, ENDRAPECULTURE, DanceTReks, UNTILFURTHER, NOTEICE",""
808756256785702900,790209505502105600,"Tue Dec 13 19:31:32 +0000 2016","Help erase rape culture &amp; prevent victim blaming\n#endrapeculture #endvictimblaming","endrapeculture, endvictimblaming",""
808692510289756200,1725506606,"Tue Dec 13 15:18:13 +0000 2016","RT @PAVEBennington: Hand out this nifty rape-culture explainer to your next catcaller https://t.co/6fYQftI8PH via @dailydot #EndRapeCulture","EndRapeCulture","PAVEBennington, dailydot"
808692191094853600,783010808137654300,"Tue Dec 13 15:16:57 +0000 2016","Hand out this nifty rape-culture explainer to your next catcaller https://t.co/6fYQftI8PH via @dailydot #EndRapeCulture","EndRapeCulture","dailydot"
808688803825102800,800919752721862700,"Tue Dec 13 15:03:30 +0000 2016","RT @ElizaAllure: #endrapeculture I believe we as pornstars are in the unique position to change things https://t.co/RimmhJBSC0","endrapeculture","ElizaAllure"
808650981130895400,560028684,"Tue Dec 13 12:33:12 +0000 2016","#endrapeculture I believe we as pornstars are in the unique position to change things https://t.co/RimmhJBSC0","endrapeculture",""
808541542612893700,800803799304585200,"Tue Dec 13 05:18:20 +0000 2016","Here's a video from the March to End Rape Culture in Philadelphia. Who's marching in 2017? #endrapeculture https://t.co/ipI6ChmJcb","endrapeculture",""
808526121822261200,624749192,"Tue Dec 13 04:17:03 +0000 2016","RT @GlenfordCanning: A woman loses an email, ""Lock her up! "" A man rapes a woman, ""Due process! Due process!"" #endrapeculture #VAW #cdnpoli","endrapeculture, VAW, cdnpoli","GlenfordCanning"
808521651671285800,10253272,"Tue Dec 13 03:59:18 +0000 2016","Giving gifts to keep my community safer from sexual assault: https://t.co/qJ9Ajq35Mc #EndSexualAssault #EndRapeCulture #EnoughIsEnough","EndSexualAssault, EndRapeCulture, EnoughIsEnough",""
808519721461002200,759375039372419100,"Tue Dec 13 03:51:37 +0000 2016","#endrapeculture #protest #keepwomensafe https://t.co/T87MJMDBU3","endrapeculture, protest, keepwomensafe",""
808427264316678100,738020647956295700,"Mon Dec 12 21:44:14 +0000 2016","#endrapeculture https://t.co/kkfmMVuazH","endrapeculture",""
808421120592515100,4730403444,"Mon Dec 12 21:19:49 +0000 2016","RT @carmen_armillas: #EndRapeCulture #SmashThePatriarchy #DumpDrumpf #DumpTrump #PervertOfTheYear @realDonaldTrump #WomensRightsAreHumanRig‚Ä¶","EndRapeCulture, SmashThePatriarchy, DumpDrumpf, DumpTrump, PervertOfTheYear","carmen_armillas, realDonaldTrump"
808383040359637000,2473326607,"Mon Dec 12 18:48:30 +0000 2016","#EndRapeCulture https://t.co/uEtFO913LB","EndRapeCulture",""
808374733687451600,2886306013,"Mon Dec 12 18:15:30 +0000 2016","RT @carmen_armillas: #EndRapeCulture #SmashThePatriarchy #DumpDrumpf #DumpTrump #PervertOfTheYear @realDonaldTrump #WomensRightsAreHumanRig‚Ä¶","EndRapeCulture, SmashThePatriarchy, DumpDrumpf, DumpTrump, PervertOfTheYear","carmen_armillas, realDonaldTrump"
808332485411110900,310555804,"Mon Dec 12 15:27:37 +0000 2016","I'm at orientation at USF, and they just used the tea video to talk about consent. SO GREAT! üòÅ\n\n#NoMeansNo #EndRapeCulture","NoMeansNo, EndRapeCulture",""
808332110905876500,793803953729310700,"Mon Dec 12 15:26:07 +0000 2016","Do you fix the leak or put a bucket underneath to catch the water?  #endrapeculture #letstalkaboutit","endrapeculture, letstalkaboutit",""
808307514341081100,759375039372419100,"Mon Dec 12 13:48:23 +0000 2016","Repost from feminism_is_4_everyone \n\n#respectmeforme #nomeansno #consent #endrapeculture‚Ä¶ https://t.co/9g22A3UO8a","respectmeforme, nomeansno, consent, endrapeculture",""
808306086327382000,759375039372419100,"Mon Dec 12 13:42:43 +0000 2016","Repost from jilliandoubleu \n\n#mondaymotivation #smashthepatriarchy #endrapeculture #consent‚Ä¶ https://t.co/SWJZ3nJmXk","mondaymotivation, smashthepatriarchy, endrapeculture, consent",""
808296023298805800,4394725703,"Mon Dec 12 13:02:44 +0000 2016","Let's just STOP.\n#Victims #SurvivingTheHolidays #stopvictimblaming #SAAM #DVAM #ENDRAPECULTURE‚Ä¶ https://t.co/rHgF0kHJ1W","Victims, SurvivingTheHolidays, stopvictimblaming, SAAM, DVAM, ENDRAPECULTURE",""
808278891760615400,17706784,"Mon Dec 12 11:54:39 +0000 2016","A woman loses an email, ""Lock her up! "" A man rapes a woman, ""Due process! Due process!"" #endrapeculture #VAW #cdnpoli","endrapeculture, VAW, cdnpoli",""
808075709667229700,2347940717,"Sun Dec 11 22:27:17 +0000 2016","#EndRapeCulture #SmashThePatriarchy #DumpDrumpf #DumpTrump #PervertOfTheYear @realDonaldTrump‚Ä¶ https://t.co/0XyMZs4xnc","EndRapeCulture, SmashThePatriarchy, DumpDrumpf, DumpTrump, PervertOfTheYear","realDonaldTrump"
808016993945260000,392353699,"Sun Dec 11 18:33:58 +0000 2016","@isalovescarbs #EndRapeCulture","EndRapeCulture","isalovescarbs"
808001428300111900,239211541,"Sun Dec 11 17:32:07 +0000 2016","Needs to be said: #IBelieveSurvivors #usetherightwords #ListenToHer #OperationHonour #endrapeculture #ToxicMasculinityKills #IamaFeminist","IBelieveSurvivors, usetherightwords, ListenToHer, OperationHonour, endrapeculture, ToxicMasculinityKills, IamaFeminist",""
807995933883514900,4123210102,"Sun Dec 11 17:10:17 +0000 2016","RT @NoMoreSiIence: #EndRapeCulture https://t.co/jl5dL4lOOv","EndRapeCulture","NoMoreSiIence"
807929346694479900,3356510217,"Sun Dec 11 12:45:41 +0000 2016","RT @kha_liBRE: Do it right, or not at all. \n\nFind out more from @letstalkconsent \n#EndRapeCulture #16Days #LetsTalkConsent https://t.co/rKB‚Ä¶","EndRapeCulture, 16Days, LetsTalkConsent","kha_liBRE, letstalkconsent"
807926851335286800,3253914700,"Sun Dec 11 12:35:46 +0000 2016","RT @kha_liBRE: Do it right, or not at all. \n\nFind out more from @letstalkconsent \n#EndRapeCulture #16Days #LetsTalkConsent https://t.co/rKB‚Ä¶","EndRapeCulture, 16Days, LetsTalkConsent","kha_liBRE, letstalkconsent"
807926840488816600,782872977675345900,"Sun Dec 11 12:35:43 +0000 2016","RT @kha_liBRE: Do it right, or not at all. \n\nFind out more from @letstalkconsent \n#EndRapeCulture #16Days #LetsTalkConsent https://t.co/rKB‚Ä¶","EndRapeCulture, 16Days, LetsTalkConsent","kha_liBRE, letstalkconsent"
807926828677611500,2975979215,"Sun Dec 11 12:35:41 +0000 2016","RT @kha_liBRE: Do it right, or not at all. \n\nFind out more from @letstalkconsent \n#EndRapeCulture #16Days #LetsTalkConsent https://t.co/rKB‚Ä¶","EndRapeCulture, 16Days, LetsTalkConsent","kha_liBRE, letstalkconsent"
807926797044252700,3314614247,"Sun Dec 11 12:35:33 +0000 2016","RT @kha_liBRE: Do it right, or not at all. \n\nFind out more from @letstalkconsent \n#EndRapeCulture #16Days #LetsTalkConsent https://t.co/rKB‚Ä¶","EndRapeCulture, 16Days, LetsTalkConsent","kha_liBRE, letstalkconsent"
807926782909435900,801872903277051900,"Sun Dec 11 12:35:30 +0000 2016","RT @kha_liBRE: Do it right, or not at all. \n\nFind out more from @letstalkconsent \n#EndRapeCulture #16Days #LetsTalkConsent https://t.co/rKB‚Ä¶","EndRapeCulture, 16Days, LetsTalkConsent","kha_liBRE, letstalkconsent"
807926535646744600,1363120574,"Sun Dec 11 12:34:31 +0000 2016","Do it right, or not at all. \n\nFind out more from @letstalkconsent \n#EndRapeCulture #16Days #LetsTalkConsent https://t.co/rKBg1TyYKn","EndRapeCulture, 16Days, LetsTalkConsent","letstalkconsent"
807759554003882000,560028684,"Sun Dec 11 01:30:59 +0000 2016","It's not that people don't believe I was raped it's that they don't actually care. Snakes will fuck a rapist no qualms #endrapeculture","endrapeculture",""
807645133218914300,755322350522904600,"Sat Dec 10 17:56:19 +0000 2016","RT @UNFPA_Thailand: A @PreventVAWG study found #rape perpetration started early in life. #EndRapeCulture #EndVAW #VAWdata https://t.co/262i‚Ä¶","rape, EndRapeCulture, EndVAW, VAWdata","UNFPA_Thailand, PreventVAWG"
807566244488638500,801872903277051900,"Sat Dec 10 12:42:51 +0000 2016","On this day, stand up for someone's human rights. End the discrimination. End Violence. #HumanRightsDay #LetsTalkConsent #EndRapeCulture","HumanRightsDay, LetsTalkConsent, EndRapeCulture",""
807526883764084700,18434717,"Sat Dec 10 10:06:26 +0000 2016","#ENDRAPECULTURE #THOSEWHODIDNOTSURVIVE https://t.co/JSdvm5jw3J","ENDRAPECULTURE, THOSEWHODIDNOTSURVIVE",""
807460662830100500,403842041,"Sat Dec 10 05:43:18 +0000 2016","RT @drngoodwin: This. #endrapeculture https://t.co/Fij7gxFocV","endrapeculture","drngoodwin"
807454481944313900,713140275,"Sat Dec 10 05:18:44 +0000 2016","Rapist as the president. #Trump #endrapeculture #stoprapeculture https://t.co/0bajOmjH3H","Trump, endrapeculture, stoprapeculture",""
807402944433967100,4519640908,"Sat Dec 10 01:53:57 +0000 2016","This. #endrapeculture https://t.co/Fij7gxFocV","endrapeculture",""
807351918934786000,713140275,"Fri Dec 09 22:31:12 +0000 2016","#endrapeculture is real. Even the Feds are involved in harming children. Who do you call when the government breaks‚Ä¶ https://t.co/9t3enPpzRR","endrapeculture",""
807340345105256400,31428279,"Fri Dec 09 21:45:12 +0000 2016","#StopRapeCulture #EndRapeCulture Dedicated to my people at Catharsis Productions &amp; Sex Signals. Buy this... https://t.co/NM0hpC8i2U","StopRapeCulture, EndRapeCulture",""
807294876190642200,770342092480585700,"Fri Dec 09 18:44:31 +0000 2016","#JustSaySorry is an amazing initiative for an AMAZING CAUSE!  #EndRapeCulture #EndSexualAssault #SexualAssault‚Ä¶ https://t.co/ypfJhf4q79","JustSaySorry, EndRapeCulture, EndSexualAssault, SexualAssault",""
807273983947272200,18434717,"Fri Dec 09 17:21:30 +0000 2016","RT @DelphiHurley: #LANDBODYDEFENSE #TAPESTRYTHINKING @themeansto  #ENDRAPECULTURE @TCK9ine @HpNHallie @MarkjPHL @MaxMMarin @UR_Ninja @DrBir‚Ä¶","LANDBODYDEFENSE, TAPESTRYTHINKING, ENDRAPECULTURE","DelphiHurley, themeansto, TCK9ine, HpNHallie, MarkjPHL, MaxMMarin, UR_Ninja"
807264133024452600,3255099070,"Fri Dec 09 16:42:22 +0000 2016","Porn culture is feeding rape culture on campuses. Follow the link to read more\nhttps://t.co/LJRUnkxfka‚Ä¶ https://t.co/07d53qaqgl","",""
807246990635634700,18434717,"Fri Dec 09 15:34:15 +0000 2016","I'm LIVE on the #BuskerApp: #LANDBODYDEFENSE #DANCETREKSYALL #ENDRAPECULTURE #NOWHUMANITY : https://t.co/WJ3OwZBbpX","BuskerApp, LANDBODYDEFENSE, DANCETREKSYALL, ENDRAPECULTURE, NOWHUMANITY",""
807231126175645700,18434717,"Fri Dec 09 14:31:12 +0000 2016","#ENDRAPECULTURE #WATCHTHEWATCHERS #DANCETREKSYALL @DANCEdelphia @DANCETREKS #HEREINEARTH https://t.co/Zo3N9glT0O","ENDRAPECULTURE, WATCHTHEWATCHERS, DANCETREKSYALL, HEREINEARTH","DANCEdelphia, DanceTreks"
807223082133946400,18434717,"Fri Dec 09 13:59:14 +0000 2016","#DANCETREKSYALL @DanceTReks @DANCEDELPHIA #GETOUTINTHESTREETS #ENDRAPECULTURE #TAPESTRYTHINKING #MANYMEDUSASRETURN‚Ä¶ https://t.co/G5JKGqosuN","DANCETREKSYALL, GETOUTINTHESTREETS, ENDRAPECULTURE, TAPESTRYTHINKING, MANYMEDUSASRETURN","DanceTreks, DANCEdelphia"
807214288456863700,1932555865,"Fri Dec 09 13:24:18 +0000 2016","RT @WisdomAtl: NEW RULES: Winner selected on Friday 7PM! Tag: @wisdomatl #ENDRAPECULTURE https://t.co/L3tGa1a4UV","ENDRAPECULTURE","WisdomAtl, WisdomAtl"
807208640570675200,3082673321,"Fri Dec 09 13:01:51 +0000 2016","@WisdomAtl Empathize. #EndRapeCulture","EndRapeCulture","WisdomAtl"
807185410782806000,703694587605307400,"Fri Dec 09 11:29:33 +0000 2016","Rape culture is a serious problem across the pond as well. #EndRapeCulture https://t.co/W2U00936Y0","EndRapeCulture",""
807178662311325700,22286451,"Fri Dec 09 11:02:44 +0000 2016","#millionwomenmarch needs to be allowed to gather at the Lincoln Memorial! #WomensMarch #equalrights #equalpay‚Ä¶ https://t.co/Tg12lBFmKm","millionwomenmarch, WomensMarch, equalrights, equalpay",""
807123828040028200,785825734791077900,"Fri Dec 09 07:24:50 +0000 2016","No one deserves this kind of treatment. Have respect. Stop perpetuating male chauvinism! Down with the misogyny!‚Ä¶ https://t.co/RFjncm42cy","",""
807122315511300100,231720236,"Fri Dec 09 07:18:50 +0000 2016","RT @WisdomAtl: NEW RULES: Winner selected on Friday 7PM! Tag: @wisdomatl #ENDRAPECULTURE https://t.co/L3tGa1a4UV","ENDRAPECULTURE","WisdomAtl, WisdomAtl"
807098040171364400,805268299751641100,"Fri Dec 09 05:42:22 +0000 2016","Story time: My friend (a guy) told me (a girl) that I looked nice today. Smh. -_- #Sexism #EndRapeCulture","Sexism, EndRapeCulture",""
807095043601350700,278377079,"Fri Dec 09 05:30:28 +0000 2016","RT @WisdomAtl: NEW RULES: Winner selected on Friday 7PM! Tag: @wisdomatl #ENDRAPECULTURE https://t.co/L3tGa1a4UV","ENDRAPECULTURE","WisdomAtl, WisdomAtl"
807087191486820400,4907234056,"Fri Dec 09 04:59:16 +0000 2016","RT @WisdomAtl: NEW RULES: Winner selected on Friday 7PM! Tag: @wisdomatl #ENDRAPECULTURE https://t.co/L3tGa1a4UV","ENDRAPECULTURE","WisdomAtl, WisdomAtl"
807085798764015600,283283039,"Fri Dec 09 04:53:44 +0000 2016","@WisdomAtl @wisdomatl society can #endrapeculture by spending more time teaching boys how to act compassionately th‚Ä¶ https://t.co/Ck6QLQdzXq","endrapeculture","WisdomAtl, WisdomAtl"
807084608793808900,480108151,"Fri Dec 09 04:49:00 +0000 2016","@WisdomAtl We have to stop victim blaming, and make sure we have open convos on what consent really is: a definitive yes. #EndRapeCulture","EndRapeCulture","WisdomAtl"
807076015562375200,2162030538,"Fri Dec 09 04:14:51 +0000 2016","üèÖFREE WISDOMATL GIVEAWAY üèÖWinner will be selected on Friday üëæ #wisdomatl #endrapeculture https://t.co/XoMgS3kEQ9","wisdomatl, endrapeculture",""
807075792647835600,230369277,"Fri Dec 09 04:13:58 +0000 2016","RT @WisdomAtl: NEW RULES: Winner selected on Friday 7PM! Tag: @wisdomatl #ENDRAPECULTURE https://t.co/L3tGa1a4UV","ENDRAPECULTURE","WisdomAtl, WisdomAtl"
807075466490376200,371764197,"Fri Dec 09 04:12:40 +0000 2016","@WisdomAtl love... #ENDRAPECULTURE","ENDRAPECULTURE","WisdomAtl"
807074858811199500,126419127,"Fri Dec 09 04:10:15 +0000 2016","RT @WisdomAtl: NEW RULES: Winner selected on Friday 7PM! Tag: @wisdomatl #ENDRAPECULTURE https://t.co/L3tGa1a4UV","ENDRAPECULTURE","WisdomAtl, WisdomAtl"
807074724320858100,716377860,"Fri Dec 09 04:09:43 +0000 2016","NEW RULES: Winner selected on Friday 7PM! Tag: @wisdomatl #ENDRAPECULTURE https://t.co/L3tGa1a4UV","ENDRAPECULTURE","WisdomAtl"
807061980041408500,3900781637,"Fri Dec 09 03:19:05 +0000 2016","RT @DelphiHurley: #LANDBODYDEFENSE #TAPESTRYTHINKING @themeansto  #ENDRAPECULTURE @TCK9ine @HpNHallie @MarkjPHL @MaxMMarin @UR_Ninja @DrBir‚Ä¶","LANDBODYDEFENSE, TAPESTRYTHINKING, ENDRAPECULTURE","DelphiHurley, themeansto, TCK9ine, HpNHallie, MarkjPHL, MaxMMarin, UR_Ninja"
807055400159813600,18434717,"Fri Dec 09 02:52:56 +0000 2016","#LANDBODYDEFENSE #TAPESTRYTHINKING @themeansto  #ENDRAPECULTURE @TCK9ine @HpNHallie @MarkjPHL @MaxMMarin @UR_Ninja‚Ä¶ https://t.co/xsXN1XrazQ","LANDBODYDEFENSE, TAPESTRYTHINKING, ENDRAPECULTURE","themeansto, TCK9ine, HpNHallie, MarkjPHL, MaxMMarin, UR_Ninja"
807053003597422600,619585990,"Fri Dec 09 02:43:25 +0000 2016","""Because they're still teaching girls to walk faster at night instead of teaching boys they shouldn't rape""‚Ä¶ https://t.co/Y8wBDndSKJ","",""
807026431792480300,230369277,"Fri Dec 09 00:57:49 +0000 2016","WISDOM GIVEAWAY: We're selecting 3 Winners w/ the Best Stories! BEGIN &amp; TAG: #ENDRAPECULTURE @wisdomatl‚Ä¶ https://t.co/SyvSWn3H3P","ENDRAPECULTURE","WisdomAtl"
807017468585771000,283283039,"Fri Dec 09 00:22:12 +0000 2016","#EndRapeCulture because women at Emory have a higher chance of being sexually assaulted than making the Dean's List @wisdomatl","EndRapeCulture","WisdomAtl"
807010380568494100,3387435970,"Thu Dec 08 23:54:02 +0000 2016","Thank you @MichelleThomson for bravely speaking out today #endMVAWG #endDV #endRapeCulture #IstanbulConvention‚Ä¶ https://t.co/ctuJbT4jkx","endMVAWG, endDV, endRapeCulture, IstanbulConvention","MichelleThomson"
807005060928507900,337484609,"Thu Dec 08 23:32:54 +0000 2016","@WisdomAtl #EndRapeCulture #GuerillaWisdomGiveaway https://t.co/8RukZRLpZd","EndRapeCulture, GuerillaWisdomGiveaway","WisdomAtl"
806958701588295700,734242344447410200,"Thu Dec 08 20:28:41 +0000 2016","Women Have Sex With 15 Year Old Boy After Luring Teen With Pizza Party #PizzaGate #EndRapeCulture https://t.co/AHwXeL5ay6","PizzaGate, EndRapeCulture",""
806922203262390300,773012724406186000,"Thu Dec 08 18:03:39 +0000 2016","Folk reckless af #endrapeculture #keepyohandstoyourself https://t.co/Sta2IeUQwa","endrapeculture, keepyohandstoyourself",""
806909109392076800,533474116,"Thu Dec 08 17:11:37 +0000 2016","@BBCNews Very brave woman. Especially infront of HP. I think it's pertinent to add that this happens to men too. #Survivors #endrapeculture","Survivors, endrapeculture","BBCNews"
806878416267976700,734242344447410200,"Thu Dec 08 15:09:40 +0000 2016","#EndRapeCulture #Feminism #MigrantCrisis #RemoveKebab #pedophilering https://t.co/ioXFpGeYzl","EndRapeCulture, Feminism, MigrantCrisis, RemoveKebab, pedophilering",""
806876422585327600,734242344447410200,"Thu Dec 08 15:01:44 +0000 2016","#TwitterGate #PizzaGate #Censorship #Corruption #MAGA #FakeNews #CorruptSystem #Feminism #EndRapeCulture  https://t.co/9C12atBJ0J","TwitterGate, PizzaGate, Censorship, Corruption, MAGA, FakeNews, CorruptSystem, Feminism, EndRapeCulture",""
806867539368280000,2173461303,"Thu Dec 08 14:26:26 +0000 2016","RT @ShannGiordano: So inspired by @aelizabethclark @MassWomen #webelieveyou #endrapeculture #masswomen https://t.co/y4KvKGfOmg https://t.co‚Ä¶","webelieveyou, endrapeculture, masswomen","ShannGiordano, aelizabethclark, MassWomen"
806862535311978500,476090896,"Thu Dec 08 14:06:33 +0000 2016","So inspired by @aelizabethclark @MassWomen #webelieveyou #endrapeculture #masswomen https://t.co/y4KvKGfOmg https://t.co/Rfkm2GN3Xt","webelieveyou, endrapeculture, masswomen","aelizabethclark, MassWomen"
806859897287639000,1971810553,"Thu Dec 08 13:56:04 +0000 2016","Keynote @jaclynf speaking on ""You Cant Have One Without the Other: Responsible Sex Ed and Rale Prevention!\n#EndRapeCulture #NSEC16","EndRapeCulture, NSEC16","jaclynf"
806836793236684800,314861062,"Thu Dec 08 12:24:16 +0000 2016","RT @jahnrome: Thank you so much for the love on the new video. I want it to reach as many people as possible. #EndRapeCulture \nhttps://t.co‚Ä¶","EndRapeCulture","jahnrome"
806757305588936700,877357621,"Thu Dec 08 07:08:25 +0000 2016","Yes, we are most definitely in! \n\n#endrapeculture #rapeculture #endvictimblaming #victimblaming #GINAUK https://t.co/ThbbYXcv45","endrapeculture, rapeculture, endvictimblaming, victimblaming, GINAUK",""
806698416793206800,28598969,"Thu Dec 08 03:14:24 +0000 2016","RT @UNFPA_Thailand: A @PreventVAWG study found #rape perpetration started early in life. #EndRapeCulture #EndVAW #VAWdata https://t.co/262i‚Ä¶","rape, EndRapeCulture, EndVAW, VAWdata","UNFPA_Thailand, PreventVAWG"
806631523558494200,3298917183,"Wed Dec 07 22:48:36 +0000 2016","RT @121dealbreakers: LETS END THE DISEASE! Bring back true #love #pornkillslove #nopornovember #16DaysOfActivism #heal #endrapeculture #NOM‚Ä¶","love, pornkillslove, nopornovember, 16DaysOfActivism, heal, endrapeculture","121dealbreakers"
806630903715754000,3220989962,"Wed Dec 07 22:46:08 +0000 2016","RT @121dealbreakers: #endrapeculture #VAW #DV #abuse #relationshipabuse #dating #NOMORE #trauma #rape #warmwishes #endVAW #maybehedoesnthit‚Ä¶","endrapeculture, VAW, DV, abuse, relationshipabuse, dating, NOMORE, trauma, rape, warmwishes, endVAW","121dealbreakers"
806589439485104100,1181158963,"Wed Dec 07 20:01:22 +0000 2016","RT @YorkzYorkz: Day 7: believe them! #letstalkconsent #endrapeculture #16days @letstalkconsent @AkosuaHanson https://t.co/fZxQpKCAc0","letstalkconsent, endrapeculture, 16days","YorkzYorkz, letstalkconsent, AkosuaHanson"
806589238783438800,1181158963,"Wed Dec 07 20:00:34 +0000 2016","RT @moneymenmeals: #EndRapeCulture https://t.co/uigcMtkNQp","EndRapeCulture","moneymenmeals"
806553014517592000,374143213,"Wed Dec 07 17:36:38 +0000 2016","@ladygaga You're a hero! #ptsd from #rape is very real. I have #MSTPTSD from military rape #endrapeculture","ptsd, rape, MSTPTSD, endrapeculture","ladygaga"
806517153293799400,2355313093,"Wed Dec 07 15:14:08 +0000 2016","#EndRapeCUlture #endviolenceagainstwomen https://t.co/FhNCuUbgVw","EndRapeCUlture, endviolenceagainstwomen",""
806502104898633700,2209284757,"Wed Dec 07 14:14:20 +0000 2016","RT @UNFPAasia: A @PreventVAWG study found #rape perpetration started early in life. #EndRapeCulture #EndVAW #VAWdata #16Days @kNOwVAWdata h‚Ä¶","rape, EndRapeCulture, EndVAW, VAWdata, 16Days","UNFPAasia, PreventVAWG, kNOwVAWdata"
806440049281761300,157487202,"Wed Dec 07 10:07:45 +0000 2016","RT @PharkzNtentema: ""Let's face it. I am a marked woman, but not everybody knows my name."" \n-Hortense Spillers\n#EndRapeCulture\n#NoToRape","EndRapeCulture, NoToRape","PharkzNtentema"
806425894801637400,302121916,"Wed Dec 07 09:11:30 +0000 2016","Registered sex offender dad says ‚Äúa lot of girls want to be with my son,‚Äù so blaming the girl??? https://t.co/JGcFu1uEtf #endrapeculture","endrapeculture",""
806422199527579600,2879492306,"Wed Dec 07 08:56:49 +0000 2016","RT @UNFPA_Thailand: A @PreventVAWG study found #rape perpetration started early in life. #EndRapeCulture #EndVAW #VAWdata https://t.co/262i‚Ä¶","rape, EndRapeCulture, EndVAW, VAWdata","UNFPA_Thailand, PreventVAWG"
806398821249019900,1174867356,"Wed Dec 07 07:23:55 +0000 2016","RT @UNFPAasia: A @PreventVAWG study found #rape perpetration started early in life. #EndRapeCulture #EndVAW #VAWdata #16Days @kNOwVAWdata h‚Ä¶","rape, EndRapeCulture, EndVAW, VAWdata, 16Days","UNFPAasia, PreventVAWG, kNOwVAWdata"
806398753242566700,1174867356,"Wed Dec 07 07:23:39 +0000 2016","RT @UNFPA_Thailand: A @PreventVAWG study found #rape perpetration started early in life. #EndRapeCulture #EndVAW #VAWdata https://t.co/262i‚Ä¶","rape, EndRapeCulture, EndVAW, VAWdata","UNFPA_Thailand, PreventVAWG"
806385347915554800,237539404,"Wed Dec 07 06:30:23 +0000 2016","#endrapeculture As a society, we need to speak up against rape culture &amp; all the factors that contribute.‚Ä¶ https://t.co/sDLREzcMyi","endrapeculture",""
806373434003456000,773433160696823800,"Wed Dec 07 05:43:03 +0000 2016","RT @UNFPAasia: A @PreventVAWG study found #rape perpetration started early in life. #EndRapeCulture #EndVAW #VAWdata #16Days @kNOwVAWdata h‚Ä¶","rape, EndRapeCulture, EndVAW, VAWdata, 16Days","UNFPAasia, PreventVAWG, kNOwVAWdata"
806369657640910800,14116906,"Wed Dec 07 05:28:02 +0000 2016","RT @UNFPAasia: A @PreventVAWG study found #rape perpetration started early in life. #EndRapeCulture #EndVAW #VAWdata #16Days @kNOwVAWdata h‚Ä¶","rape, EndRapeCulture, EndVAW, VAWdata, 16Days","UNFPAasia, PreventVAWG, kNOwVAWdata"
806367350576517100,389548615,"Wed Dec 07 05:18:52 +0000 2016","RT @UNFPAasia: A @PreventVAWG study found #rape perpetration started early in life. #EndRapeCulture #EndVAW #VAWdata #16Days @kNOwVAWdata h‚Ä¶","rape, EndRapeCulture, EndVAW, VAWdata, 16Days","UNFPAasia, PreventVAWG, kNOwVAWdata"
806357742155919400,886050798,"Wed Dec 07 04:40:41 +0000 2016","RT @UNFPA_Thailand: A @PreventVAWG study found #rape perpetration started early in life. #EndRapeCulture #EndVAW #VAWdata https://t.co/262i‚Ä¶","rape, EndRapeCulture, EndVAW, VAWdata","UNFPA_Thailand, PreventVAWG"
806356755471040500,4722872893,"Wed Dec 07 04:36:46 +0000 2016","A @PreventVAWG study found #rape perpetration started early in life. #EndRapeCulture #EndVAW #VAWdata https://t.co/262ixQ0c4H","rape, EndRapeCulture, EndVAW, VAWdata","PreventVAWG"
806326091493294100,755322350522904600,"Wed Dec 07 02:34:55 +0000 2016","RT @UNFPAasia: A @PreventVAWG study found #rape perpetration started early in life. #EndRapeCulture #EndVAW #VAWdata #16Days @kNOwVAWdata h‚Ä¶","rape, EndRapeCulture, EndVAW, VAWdata, 16Days","UNFPAasia, PreventVAWG, kNOwVAWdata"
806326072027418600,2186160566,"Wed Dec 07 02:34:51 +0000 2016","RT @UNFPAasia: A @PreventVAWG study found #rape perpetration started early in life. #EndRapeCulture #EndVAW #VAWdata #16Days @kNOwVAWdata h‚Ä¶","rape, EndRapeCulture, EndVAW, VAWdata, 16Days","UNFPAasia, PreventVAWG, kNOwVAWdata"
806323866201034800,886050798,"Wed Dec 07 02:26:05 +0000 2016","RT @UNFPAasia: A @PreventVAWG study found #rape perpetration started early in life. #EndRapeCulture #EndVAW #VAWdata #16Days @kNOwVAWdata h‚Ä¶","rape, EndRapeCulture, EndVAW, VAWdata, 16Days","UNFPAasia, PreventVAWG, kNOwVAWdata"
806321386075529200,791819489545293800,"Wed Dec 07 02:16:13 +0000 2016","RT @UNFPAasia: A @PreventVAWG study found #rape perpetration started early in life. #EndRapeCulture #EndVAW #VAWdata #16Days @kNOwVAWdata h‚Ä¶","rape, EndRapeCulture, EndVAW, VAWdata, 16Days","UNFPAasia, PreventVAWG, kNOwVAWdata"
806321183020851200,222366266,"Wed Dec 07 02:15:25 +0000 2016","A @PreventVAWG study found #rape perpetration started early in life. #EndRapeCulture #EndVAW #VAWdata #16Days‚Ä¶ https://t.co/P2awUnkS20","rape, EndRapeCulture, EndVAW, VAWdata, 16Days","PreventVAWG"
806285277971025900,757127039497437200,"Tue Dec 06 23:52:44 +0000 2016","RT @onemightyoak: #EndRapeCulture\n#ShareStories","EndRapeCulture, ShareStories","onemightyoak"
806283033208819700,832482386,"Tue Dec 06 23:43:49 +0000 2016","#EndRapeCulture\n#ShareStories","EndRapeCulture, ShareStories",""